rule_id,khmer_ipa,role,ua_candidate,ua_practical,alternative,status
KUA-C-001,p,onset,p,п,,proposed
KUA-C-002,pʰ,onset,p,п,пх,proposed
KUA-C-003,b|ɓ,onset,b,б,,proposed
KUA-C-004,t,onset,t,т,,proposed
KUA-C-005,tʰ,onset,t,т,тх,proposed
KUA-C-006,d|ɗ,onset,d,д,,proposed
KUA-C-007,k,onset,k,к,,proposed
KUA-C-008,kʰ,onset,k,к,кх,proposed
KUA-C-009,c,onset,t͡ʃ,ч,,proposed
KUA-C-010,cʰ,onset,t͡ʃ,ч,чх,proposed
KUA-C-011,ɲ,onset,nʲ,нь,,proposed
KUA-C-012,ŋ,onset_or_coda,ŋ,нг,,proposed
KUA-C-013,r,onset,r,р,∅,profile-dependent
KUA-C-014,l,onset_or_coda,l,л,,proposed
KUA-C-015,ʋ~w,onset_or_coda,ʋ,в,,proposed
KUA-C-016,j,onset_or_glide,j,й,,proposed
KUA-C-017,s,onset,s,с,,proposed
KUA-C-018,h,onset,ɦ,г,х,proposed
KUA-C-019,ʔ,onset,none,∅,ʼ,proposed
KUA-V-001,i|iː,vowel,i,і,,proposed
KUA-V-002,e|ɛ|ɛː,vowel,ɛ,е,,proposed
KUA-V-003,ɨ|ɨː,vowel,ɪ,и,,proposed
KUA-V-004,ə|ɤ,vowel,ɛ|ɪ,е|и,,proposed
KUA-V-005,a|ɑ|ɑː,vowel,a,а,,proposed
KUA-V-006,u|uː,vowel,u,у,,proposed
KUA-V-007,o|ɔ|ɔː,vowel,ɔ,о,,proposed
KUA-V-008,ʊə|uə|ɨə|iə,vowel_sequence,ua|ia|ɪa,уа|іа|иа,уо,analysis-dependent
